,Peso_Alvo,Peso_Atual,Drift
BRL=X,0.13824725692023324,0.12407998177157067,-0.014167275148662548
BTC-USD,0.15482406357912512,0.15933482564983517,0.004510762070710078
GC=F,0.5000295247369231,0.5250004007569318,0.024970876020008803
IMAB11.SA,0.0,0.0,0.0
IRFM11.SA,0.20306029271113854,0.18792534052391102,-0.01513495218722749
^BVSP,9.51984167207971e-08,8.727128451467463e-08,-7.927132206122455e-09
^GSPC,0.0038387668541633004,0.003659364026466804,-0.00017940282769649592
,0.0,0.0,0.0
